paired methods,Wilcoxon p,Cliff's delta,effect size (delta),Wilcoxon r, effect size (r) 
CloAct vs. h-index,2.2733554066323158E-4,0.1891891891891892,small,-0.2471082424552428,small
CloAct vs. a-index,0.0,0.8928571428571429,large,-0.8614207507976557,large
CloAct vs. k-core,0.0,0.4583333333333333,medium,-0.5421579749974353,large
CloAct vs. ForwardPageRank-Sora,9.52772705428373E-4,0.37089201877934275,medium,-0.22601369213771041,small
CloAct vs. ForwardBackPageRank-Sora,9.52772705428373E-4,0.37089201877934275,medium,-0.22601369213771041,small
CloAct vs. g-core,0.2826697441662893,-0.04602510460251046,negligible,-0.06897949121929764,negligible
CloAct vs. MinClass,5.691438009769456E-8,0.3804347826086957,medium,-0.39997091509595584,medium
CloAct vs. TSEPageRank,1.1920398002018828E-10,0.3958333333333333,medium,-0.46446407999204103,medium
CloAct vs. LiuPageRank,1.421773809795468E-11,0.4380952380952381,medium,-0.4660680693699062,medium
CloAct vs. TSEPageRank_v15,3.8360367193290834E-4,0.2698412698412698,small,-0.3154907861354791,medium
CloAct vs. iFit,0.019932887031756108,-0.0440251572327044,negligible,-0.1843868118898661,small
