paired methods,Wilcoxon p,Cliff's delta,effect size (delta),Wilcoxon r, effect size (r) 
CloAct vs. h-index,1.0168356189432792E-4,0.19248826291079812,small,-0.26588279655789565,small
CloAct vs. a-index,0.0,0.9074733096085409,large,-0.8627250311490527,large
CloAct vs. k-core,0.0,0.4796747967479675,large,-0.5295126618896865,large
CloAct vs. ForwardPageRank-Sora,0.004588234153533488,0.38461538461538464,medium,-0.1904641245106779,small
CloAct vs. ForwardBackPageRank-Sora,0.004588234153533488,0.38461538461538464,medium,-0.1904641245106779,small
CloAct vs. g-core,1.7346576137389214E-4,0.12133891213389121,negligible,-0.24242573162960873,small
CloAct vs. MinClass,4.015642214305615E-7,0.38613861386138615,medium,-0.35638688946001934,medium
CloAct vs. TSEPageRank,1.9539925233402755E-14,0.5340909090909091,large,-0.5767198216158967,large
CloAct vs. LiuPageRank,8.373302051722931E-13,0.5078534031413613,large,-0.5173799310482573,large
CloAct vs. TSEPageRank_v15,1.6279106063166182E-8,0.5772357723577236,large,-0.5086496121418561,large
CloAct vs. iFit,0.45301312674919547,0.07792207792207792,negligible,-0.06025101203007336,negligible
