software01,DWM,OWM,EWM
software01ant_main(10)top-1,0,0,0
software01argouml(12)top-1,0.153846158,0.153846158,0.153846158
software01jedit(7)top-1,0.25000001,0.25000001,0.25000001
software01jgap(18)top-1,0,0,0
software01jhotdraw(9)top-1,0.200000001,0.200000001,0.200000001
software01jmeter_core(14)top-1,0.133333339,0.133333339,0.133333339
software01JPMC(24)top-1,0,0,0
software01Maze(27)top-1,0.071428572,0.071428572,0.071428572
software01neuroph(24)top-1,0.080000002,0.080000002,0.080000002
software01tomcat(28)top-1,0,0,0
software01Xerces(6)top-1,0,0,0
