software10,DWM,OWM,EWM
software01ant_main(10)top-10,0.200000003,0.200000003,0.200000003
software01argouml(12)top-10,0.63636362,0.63636362,0.63636362
software01jedit(7)top-10,0.470588248,0.470588248,0.470588248
software01jgap(18)top-10,0.142857144,0.142857144,0.142857144
software01jhotdraw(9)top-10,0.210526318,0.210526318,0.210526318
software01jmeter_core(14)top-10,0.250000006,0.166666672,0.250000006
software01JPMC(24)top-10,0,0,0
software01Maze(27)top-10,0.540540528,0.486486494,0.486486494
software01neuroph(24)top-10,0.470588247,0.470588247,0.470588247
software01tomcat(28)top-10,0.210526324,0.15789474,0.15789474
software01Xerces(6)top-10,0,0,0
