software11,DWM,OWM,EWM
software01ant_main(10)top-11,0.190476195,0.285714296,0.285714296
software01argouml(12)top-11,0.608695636,0.608695636,0.608695636
software01jedit(7)top-11,0.555555571,0.555555571,0.555555571
software01jgap(18)top-11,0.137931037,0.137931037,0.137931037
software01jhotdraw(9)top-11,0.200000004,0.200000004,0.200000004
software01jmeter_core(14)top-11,0.240000004,0.240000004,0.240000004
software01JPMC(24)top-11,0,0,0
software01Maze(27)top-11,0.526315782,0.526315782,0.526315782
software01neuroph(24)top-11,0.514285713,0.514285713,0.514285713
software01tomcat(28)top-11,0.205128213,0.153846156,0.153846156
software01Xerces(6)top-11,0,0,0
