software12,DWM,OWM,EWM
software01ant_main(10)top-12,0.181818186,0.272727278,0.272727278
software01argouml(12)top-12,0.583333313,0.666666687,0.666666687
software01jedit(7)top-12,0.526315786,0.526315786,0.526315786
software01jgap(18)top-12,0.133333336,0.133333336,0.133333336
software01jhotdraw(9)top-12,0.285714289,0.285714289,0.190476194
software01jmeter_core(14)top-12,0.230769232,0.230769232,0.230769232
software01JPMC(24)top-12,0,0,0
software01Maze(27)top-12,0.512820497,0.564102564,0.564102564
software01neuroph(24)top-12,0.5,0.5,0.5
software01tomcat(28)top-12,0.200000008,0.200000008,0.150000001
software01Xerces(6)top-12,0,0,0
