software13,DWM,OWM,EWM
software01ant_main(10)top-13,0.26086957,0.26086957,0.26086957
software01argouml(12)top-13,0.560000006,0.640000022,0.640000022
software01jedit(7)top-13,0.50000001,0.600000004,0.600000004
software01jgap(18)top-13,0.193548391,0.129032261,0.129032261
software01jhotdraw(9)top-13,0.272727277,0.272727277,0.272727277
software01jmeter_core(14)top-13,0.296296308,0.296296308,0.222222224
software01JPMC(24)top-13,0,0,0
software01Maze(27)top-13,0.549999998,0.549999998,0.549999998
software01neuroph(24)top-13,0.486486491,0.486486491,0.486486491
software01tomcat(28)top-13,0.195121959,0.243902444,0.195121959
software01Xerces(6)top-13,0,0,0
