software02,DWM,OWM,EWM
software01ant_main(10)top-2,0,0,0
software01argouml(12)top-2,0.285714293,0.285714293,0.285714293
software01jedit(7)top-2,0.44444446,0.44444446,0.44444446
software01jgap(18)top-2,0.100000001,0,0
software01jhotdraw(9)top-2,0.181818183,0.181818183,0.181818183
software01jmeter_core(14)top-2,0.125000005,0.125000005,0.125000005
software01JPMC(24)top-2,0,0,0
software01Maze(27)top-2,0.137931035,0.137931035,0.137931035
software01neuroph(24)top-2,0.153846158,0.153846158,0.153846158
software01tomcat(28)top-2,0,0,0
software01Xerces(6)top-2,0,0,0
