software24,DWM,OWM,EWM
software01ant_main(10)top-24,0.352941181,0.294117642,0.352941181
software01argouml(12)top-24,0.5,0.5,0.5
software01jedit(7)top-24,0.387096775,0.387096775,0.387096775
software01jgap(18)top-24,0.190476194,0.23809524,0.190476194
software01jhotdraw(9)top-24,0.424242416,0.424242416,0.424242416
software01jmeter_core(14)top-24,0.263157893,0.263157893,0.263157893
software01JPMC(24)top-24,0.041666668,0.041666668,0.041666668
software01Maze(27)top-24,0.549019593,0.588235309,0.588235309
software01neuroph(24)top-24,0.5,0.541666687,0.541666687
software01tomcat(28)top-24,0.269230765,0.269230765,0.269230765
software01Xerces(6)top-24,0.066666669,0,0
