software03,DWM,OWM,EWM
software01ant_main(10)top-3,0,0,0
software01argouml(12)top-3,0.4,0.4,0.4
software01jedit(7)top-3,0.600000004,0.400000016,0.400000016
software01jgap(18)top-3,0.095238096,0,0.095238096
software01jhotdraw(9)top-3,0.333333338,0.166666669,0.333333338
software01jmeter_core(14)top-3,0.117647064,0.117647064,0.117647064
software01JPMC(24)top-3,0,0,0
software01Maze(27)top-3,0.200000001,0.200000001,0.200000001
software01neuroph(24)top-3,0.148148153,0.222222222,0.222222222
software01tomcat(28)top-3,0,0,0
software01Xerces(6)top-3,0,0,0
