software04,DWM,OWM,EWM
software01ant_main(10)top-4,0.142857144,0.142857144,0.142857144
software01argouml(12)top-4,0.500000011,0.375,0.500000011
software01jedit(7)top-4,0.727272748,0.545454549,0.545454549
software01jgap(18)top-4,0.090909091,0.090909091,0.090909091
software01jhotdraw(9)top-4,0.307692309,0.307692309,0.307692309
software01jmeter_core(14)top-4,0.111111115,0.111111115,0.111111115
software01JPMC(24)top-4,0,0,0
software01Maze(27)top-4,0.258064518,0.258064518,0.258064518
software01neuroph(24)top-4,0.214285714,0.285714293,0.285714293
software01tomcat(28)top-4,0.062500002,0.062500002,0.062500002
software01Xerces(6)top-4,0,0,0
