software05,DWM,OWM,EWM
software01ant_main(10)top-5,0.266666671,0.266666671,0.266666671
software01argouml(12)top-5,0.470588247,0.470588247,0.470588247
software01jedit(7)top-5,0.666666688,0.666666688,0.500000011
software01jgap(18)top-5,0.086956523,0.086956523,0.086956523
software01jhotdraw(9)top-5,0.285714289,0.285714289,0.285714289
software01jmeter_core(14)top-5,0.105263162,0.105263162,0.105263162
software01JPMC(24)top-5,0,0,0
software01Maze(27)top-5,0.312499991,0.312499991,0.312499991
software01neuroph(24)top-5,0.275862076,0.344827579,0.344827579
software01tomcat(28)top-5,0.060606063,0.121212126,0.060606063
software01Xerces(6)top-5,0,0,0
