software06,DWM,OWM,EWM
software01ant_main(10)top-6,0.250000005,0.250000005,0.250000005
software01argouml(12)top-6,0.444444458,0.444444458,0.444444458
software01jedit(7)top-6,0.615384639,0.615384639,0.615384639
software01jgap(18)top-6,0.083333334,0.083333334,0.083333334
software01jhotdraw(9)top-6,0.266666671,0.266666671,0.266666671
software01jmeter_core(14)top-6,0.100000004,0.100000004,0.100000004
software01JPMC(24)top-6,0,0,0
software01Maze(27)top-6,0.363636366,0.363636366,0.363636366
software01neuroph(24)top-6,0.333333325,0.333333325,0.333333325
software01tomcat(28)top-6,0.117647064,0.117647064,0.117647064
software01Xerces(6)top-6,0,0,0
