software07,DWM,OWM,EWM
software01ant_main(10)top-7,0.235294124,0.235294124,0.235294124
software01argouml(12)top-7,0.526315786,0.526315786,0.526315786
software01jedit(7)top-7,0.571428597,0.571428597,0.571428597
software01jgap(18)top-7,0.160000003,0.080000001,0.080000001
software01jhotdraw(9)top-7,0.250000006,0.250000006,0.250000006
software01jmeter_core(14)top-7,0.095238099,0.095238099,0.095238099
software01JPMC(24)top-7,0,0,0
software01Maze(27)top-7,0.411764699,0.411764699,0.411764699
software01neuroph(24)top-7,0.387096775,0.322580641,0.322580641
software01tomcat(28)top-7,0.114285719,0.114285719,0.114285719
software01Xerces(6)top-7,0,0,0
