software08,DWM,OWM,EWM
software01ant_main(10)top-8,0.222222224,0.222222224,0.222222224
software01argouml(12)top-8,0.6,0.6,0.6
software01jedit(7)top-8,0.533333344,0.533333344,0.533333344
software01jgap(18)top-8,0.153846155,0.076923077,0.153846155
software01jhotdraw(9)top-8,0.235294119,0.235294119,0.235294119
software01jmeter_core(14)top-8,0.181818187,0.181818187,0.090909093
software01JPMC(24)top-8,0,0,0
software01Maze(27)top-8,0.45714286,0.45714286,0.45714286
software01neuroph(24)top-8,0.375,0.375,0.375
software01tomcat(28)top-8,0.111111115,0.111111115,0.111111115
software01Xerces(6)top-8,0,0,0
