software09,DWM,OWM,EWM
software01ant_main(10)top-9,0.210526318,0.210526318,0.210526318
software01argouml(12)top-9,0.571428579,0.666666659,0.666666659
software01jedit(7)top-9,0.500000012,0.500000012,0.500000012
software01jgap(18)top-9,0.148148149,0.148148149,0.148148149
software01jhotdraw(9)top-9,0.222222224,0.222222224,0.222222224
software01jmeter_core(14)top-9,0.173913049,0.173913049,0.173913049
software01JPMC(24)top-9,0,0,0
software01Maze(27)top-9,0.500000011,0.500000011,0.500000011
software01neuroph(24)top-9,0.424242416,0.424242416,0.424242416
software01tomcat(28)top-9,0.162162165,0.108108112,0.162162165
software01Xerces(6)top-9,0,0,0
