paired methods,Wilcoxon p,Cliff's delta,effect size (delta),Wilcoxon r, effect size (r) 
CloAct vs. h-index,0.0010076558288438786,0.07177033492822966,negligible,-0.2271459453472282,small
CloAct vs. a-index,0.0,0.9097222222222222,large,-0.8629015374364596,large
CloAct vs. k-core,0.0,0.44680851063829785,medium,-0.5681251771860246,large
CloAct vs. ForwardPageRank-Sora,0.0011782455651292434,0.308411214953271,small,-0.22157330514036902,small
CloAct vs. ForwardBackPageRank-Sora,0.0011782455651292434,0.308411214953271,small,-0.22157330514036902,small
CloAct vs. g-core,1.8282155789250965E-9,0.3389830508474576,medium,-0.3907834670326218,medium
CloAct vs. MinClass,7.836464810395682E-11,0.4857142857142857,large,-0.49140875880007,medium
CloAct vs. TSEPageRank,0.0,0.7272727272727273,large,-0.6983739138684861,large
CloAct vs. LiuPageRank,1.2599477017261052E-11,0.45,medium,-0.4785036726011052,medium
CloAct vs. TSEPageRank_v15,1.840177634315765E-5,0.45901639344262296,medium,-0.3873426720350674,medium
CloAct vs. iFit,0.11004824594129614,0.2215568862275449,small,-0.12340781035228623,small
